id,f_name,l_name,email,password,age,gender
1,Alice,Johnson,alice.johnson@example.com,password1,25,Female
2,Bob,Smith,bob.smith@example.com,password2,32,Male
3,Charlie,Brown,charlie.brown@example.com,password3,45,Male
4,Diana,Wilson,diana.wilson@example.com,password4,28,Female
5,Eric,Davis,eric.davis@example.com,password5,35,Male
6,Fiona,Miller,fiona.miller@example.com,password6,22,Female
7,George,Anderson,george.anderson@example.com,password7,48,Male
8,Helen,Thomas,helen.thomas@example.com,password8,31,Female
9,Ian,Jackson,ian.jackson@example.com,password9,29,Male
10,Jennifer,White,jennifer.white@example.com,password10,38,Female
11,Kevin,Harris,kevin.harris@example.com,password11,27,Male
12,Laura,Martin,laura.martin@example.com,password12,42,Female
13,Mark,Thompson,mark.thompson@example.com,password13,33,Male
14,Nancy,Garcia,nancy.garcia@example.com,password14,26,Female
15,Oliver,Martinez,oliver.martinez@example.com,password15,40,Male
16,Patricia,Robinson,patricia.robinson@example.com,password16,34,Female
17,Quentin,Clark,quentin.clark@example.com,password17,23,Male
18,Rachel,Lewis,rachel.lewis@example.com,password18,41,Female
19,Steven,Lee,steven.lee@example.com,password19,30,Male
20,Tiffany,Hall,tiffany.hall@example.com,password20,24,Female
21,Victor,Allen,victor.allen@example.com,password21,43,Male
22,Wendy,Young,wendy.young@example.com,password22,36,Female
23,Xavier,Carter,xavier.carter@example.com,password23,25,Male
24,Yasmin,Scott,yasmin.scott@example.com,password24,44,Female
25,Zachary,Adams,zachary.adams@example.com,password25,32,Male
26,Amelia,Baker,amelia.baker@example.com,password26,28,Female
27,Benjamin,Barnes,benjamin.barnes@example.com,password27,35,Male
28,Charlotte,Bell,charlotte.bell@example.com,password28,22,Female
29,Daniel,Brown,daniel.brown@example.com,password29,48,Male
30,Emily,Collins,emily.collins@example.com,password30,31,Female
31,Frank,Davis,frank.davis@example.com,password31,29,Male
32,Grace,Evans,grace.evans@example.com,password32,38,Female
33,Henry,Fisher,henry.fisher@example.com,password33,27,Male
34,Isabella,Garcia,isabella.garcia@example.com,password34,42,Female
35,Jacob,Harris,jacob.harris@example.com,password35,33,Male
36,Katherine,Howard,katherine.howard@example.com,password36,26,Female
37,Liam,Jackson,liam.jackson@example.com,password37,40,Male
38,Madison,Johnson,madison.johnson@example.com,password38,34,Female
39,Noah,Kelly,noah.kelly@example.com,password39,23,Male
40,Olivia,Lee,olivia.lee@example.com,password40,41,Female
41,Owen,Martin,owen.martin@example.com,password41,30,Male
42,Penelope,Miller,penelope.miller@example.com,password42,24,Female
43,Quentin,Moore,quentin.moore@example.com,password43,43,Male
44,Riley,Nelson,riley.nelson@example.com,password44,36,Female
45,Samuel,Owens,samuel.owens@example.com,password45,25,Male
46,Sophia,Parker,sophia.parker@example.com,password46,44,Female
47,Thomas,Peterson,thomas.peterson@example.com,password47,32,Male
48,Ursula,Quinn,ursula.quinn@example.com,password48,28,Female
49,Victor,Ramirez,victor.ramirez@example.com,password49,35,Male
50,Willow,Reed,willow.reed@example.com,password50,22,Female
